Company Name,Code
Brakus-Veum,57664-244
Boyle and Sons,60505-2534
"Okuneva, Anderson and Kuphal",31722-531
"Wilderman, Schmidt and Feil",0268-1413
Haag-Rempel,62670-4813
"Predovic, Block and Wisozk",0781-2261
"Goldner, Keebler and Mosciski",50730-4101
"Mayert, Pacocha and Daugherty",68084-764
"Connelly, Frami and Harris",36987-2114
"Aufderhar, Hills and Bradtke",48951-1039
Hilll-Funk,53808-1044
Denesik-Zboncak,53163-106
"Powlowski, Frami and Pouros",49349-164
Block-Morar,51009-145
Jakubowski-Dach,0409-7930
Murray-Hermann,55714-4450
Buckridge Group,11086-052
"Wilkinson, Jacobi and Kozey",61995-2388
O'Hara-Bailey,49349-953
Koch-Parisian,49999-853
"Huels, Towne and Nolan",61077-047
"Franecki, Watsica and Gislason",43063-235
Sporer-Boehm,0268-0914
Kunze Group,30142-013
Steuber-Lehner,65342-1000
Dibbert-Becker,59985-217
Douglas-Bailey,59779-380
Stracke Group,67253-903
"Bergstrom, Paucek and Glover",59428-000
Hermiston Group,13668-268
"Schinner, Stehr and Stehr",10742-6757
Labadie-Goyette,55154-6967
"Klein, Nader and Blick",50436-9990
Bosco-Gutkowski,26637-712
Runolfsson LLC,61077-123
Jacobson-MacGyver,13668-330
"Ankunding, Anderson and Konopelski",37205-283
Dickens and Sons,42291-270
Kovacek-Marks,61919-103
Weissnat-Blanda,59779-828
Gerhold-Homenick,51346-198
Raynor-Ritchie,36800-918
"Volkman, Lang and Smith",68084-371
Brekke-Goldner,65954-044
Kovacek-Lindgren,42002-423
"McGlynn, Osinski and Rippin",0603-1584
Schowalter Group,63629-3551
Marks Inc,37808-686
Lynch Group,37808-343
"Walker, Brown and Hansen",53808-1048
Kilback LLC,52533-080
Towne-Schmidt,0469-0871
"Will, Corkery and Keebler",50227-2110
"Fay, Huels and Franecki",55648-774
Hettinger-Turner,43479-103
Gusikowski Group,0186-4020
Koss and Sons,41163-254
Pfeffer LLC,59746-125
Marquardt-Moen,68647-171
Hettinger Group,52125-051
Leffler LLC,15127-138
Shanahan LLC,49288-0476
Sanford-Lebsack,64117-235
Block Inc,68391-238
"Halvorson, Hansen and Olson",0641-6054
"McGlynn, Larkin and Wehner",42023-113
"Muller, Feeney and Dietrich",48951-1085
"Keebler, Legros and Bradtke",59294-000
Bahringer LLC,63304-726
"Waters, Quigley and Altenwerth",37205-625
Kiehn-Cummings,0054-4499
Kilback-Lockman,41163-333
Lindgren Group,44597-5358
King-Turner,36987-1024
Kilback Group,59676-312
Botsford-Denesik,56062-255
Schroeder-Bednar,50666-005
"Runolfsson, Lesch and Harvey",59726-170
Price Group,55711-064
Conroy Group,43063-385
Haley-Kuphal,62037-700
"Pollich, Smitham and Monahan",64764-544
Bins LLC,60258-801
Smitham Inc,51079-722
"Miller, Wilkinson and Abbott",55910-809
Kautzer and Sons,47682-170
Ondricka Group,47335-816
"Goodwin, Hyatt and Hane",43063-458
"Cartwright, Denesik and Sanford",0178-0858
Hilpert-Smitham,55312-034
"Dicki, Hamill and Gislason",49349-828
"Klocko, McKenzie and Lebsack",55910-893
"Heathcote, Corwin and Reilly",59676-278
"Ruecker, Runolfsdottir and Waters",0615-6584
Boyle Group,14783-400
Lind-McClure,11056-010
Turcotte LLC,0074-7149
"Kling, Jacobs and Dach",52959-514
Eichmann Inc,50580-778
"Wolf, Gutkowski and Kovacek",41616-635
"Ferry, Deckow and Dickinson",55390-123
Armstrong-Breitenberg,33261-747
Waters-Hegmann,49349-662
Howe-Strosin,68703-081
Green-Bartell,54868-4904
Larkin-Bernhard,0407-2223
Mante-Langosh,43455-0004
Rodriguez-Blanda,36987-2117
Quitzon and Sons,48951-5049
Hoeger LLC,36987-1902
Ernser-Wolff,0904-5751
Monahan LLC,55111-725
Gerhold and Sons,64980-123
"Harvey, Kshlerin and Block",52389-249
"Carter, Romaguera and Carroll",0187-2201
Jenkins-Cormier,51079-872
Kunze Inc,49738-908
Bergstrom-Hickle,76074-140
"Bosco, Pollich and Morissette",55154-6218
Graham Group,52544-629
Langworth-Renner,67457-227
Stehr and Sons,59779-498
Olson Group,50845-0203
Bednar Inc,21695-220
Williamson Group,49349-249
"Steuber, Bergstrom and Lowe",49288-0863
"Davis, Collins and Mayert",33261-905
Johnston-Quigley,76218-1215
Stroman and Sons,36987-2969
Kuhn-Wilderman,61010-3112
"Wilderman, Kemmer and Bergnaum",51596-011
Johnson LLC,60760-334
Hahn-Spinka,52667-004
Bradtke and Sons,55150-162
O'Keefe LLC,68703-033
"Turcotte, Sawayn and Balistreri",36987-2179
"Botsford, Kling and Hegmann",60429-367
"Pfannerstill, Fahey and Cruickshank",0173-0953
Murphy-King,0536-3000
Wolff and Sons,0143-9786
"Johns, Terry and Barrows",0597-0285
Robel and Sons,53808-0963
Fritsch-Adams,61010-5500
Hoeger-Koch,64471-330
Maggio-Gerhold,62175-270
"Walsh, King and Welch",54868-6243
"Pollich, Legros and Sawayn",49738-829
Senger-Lesch,37205-539
Fahey-Howell,52125-303
Rogahn-Donnelly,37808-117
"Fay, Legros and Rodriguez",57691-096
Kilback Group,43269-617
Hoppe and Sons,52125-332
Pfeffer-Mitchell,49035-430
"Williamson, Beier and Vandervort",76000-375
"Lind, McLaughlin and Nitzsche",52125-959
"Gerlach, Yundt and Hamill",0603-0026
"Ratke, Goyette and Hodkiewicz",63824-231
Schaden-Zulauf,0065-0260
Schaefer LLC,55154-2021
"Leuschke, Hahn and Murray",66336-086
"McClure, Schultz and Gusikowski",36987-1963
Hahn-Howell,48273-007
Marks Inc,11822-0110
Funk-Nicolas,10096-0259
Zboncak LLC,55319-900
Hirthe-Cormier,0268-6631
Morissette-Torp,0338-0431
"Bauch, Durgan and Farrell",55289-761
"Rosenbaum, Willms and Cremin",60429-256
Windler-Terry,50436-3960
Gaylord Group,52410-3035
"Brekke, Ruecker and Daugherty",51514-0316
Bogan LLC,0093-2263
Walker Group,0363-0319
"Reinger, Wilkinson and Huel",60429-109
"Reichert, Wisoky and Heaney",68016-010
Gutkowski Inc,49614-404
Maggio Group,11673-903
Reichel and Sons,54569-2868
Stark Inc,48433-301
Tremblay Group,0904-6207
Daugherty LLC,62037-667
Gusikowski LLC,58930-060
"Mills, Corkery and Rutherford",48951-3103
"Okuneva, Hickle and Stroman",54569-3043
McCullough Group,41520-359
"Shields, Welch and Nicolas",55504-4341
Bruen-Schoen,47682-078
"Rau, Hartmann and Kshlerin",11523-7155
Dach-Lowe,0268-0654
Considine-Krajcik,64942-1156
"Olson, Okuneva and Heathcote",54868-4775
Waters LLC,13668-003
Marvin Group,50580-563
Spencer Inc,60681-3103
"Prosacco, Cassin and Collier",54868-5861
O'Kon-Little,41250-950
Tremblay-Goodwin,0113-0296
Barrows Inc,0085-4352
"Hudson, Larkin and Lakin",67046-953
"Mayer, Koepp and Romaguera",0603-5165
Langosh-Ratke,40032-450
"Erdman, Nikolaus and Bogisich",68400-203
Dibbert Group,0093-5348
Fay LLC,67046-013
"Grimes, Hermiston and Vandervort",41163-246
Buckridge Inc,0268-0177
Collier LLC,60637-014
Abernathy-Feest,0003-0371
Hettinger-Feeney,57955-5065
Schiller Group,10742-8212
Morissette-Ernser,0409-1317
Rowe Inc,50436-1223
Moen LLC,10056-128
"Kessler, Heaney and Parisian",35356-656
Bruen-Johnson,50419-754
Pollich and Sons,68428-056
"Ward, McCullough and Koelpin",54868-6340
"Stark, O'Reilly and Baumbach",65113-8401
Kautzer Inc,41250-444
Collins Group,60793-146
Rempel-Johnson,49999-110
Abbott-Rohan,59762-1410
Wyman Group,49281-510
"Wisoky, Haley and Abshire",63824-212
"Rath, Wiza and Barton",47335-715
"O'Conner, Veum and McGlynn",55714-8012
Hahn and Sons,12462-300
Rice Inc,64942-1267
"Cartwright, Lowe and Wisoky",10019-028
Lueilwitz-Towne,60505-0115
Hartmann Inc,58194-001
Jenkins-Schmidt,49653-002
Balistreri-Medhurst,48951-8154
Wolff-Mayer,55289-800
"Lynch, Jones and Cole",0603-9418
Bayer-Larkin,36987-2092
Sipes Group,55154-9610
Paucek-Mitchell,25237-0012
"Haley, Kuhn and Schamberger",0093-7285
Mante-Stamm,54868-0973
Mayer Inc,66472-025
Effertz Group,64205-739
Feeney-Spinka,65044-4708
Franecki-Torphy,49726-025
Casper-Klein,63941-159
Russel LLC,49643-012
Schiller Group,65862-215
Williamson and Sons,41163-511
Deckow and Sons,55346-0412
Raynor-Hilll,52174-002
Greenholt and Sons,49349-321
Renner Inc,76234-002
"Reynolds, Mohr and Nicolas",0052-2142
Goodwin Group,0268-1177
Rau-Watsica,50804-360
VonRueden LLC,65597-101
"Bergnaum, Macejkovic and Hudson",0409-7113
Gleichner-Bergstrom,60505-2997
"Gislason, Upton and Lakin",54181-001
Rutherford-Waelchi,55910-988
"Rice, Ondricka and Mosciski",0132-0079
Dibbert-Schowalter,49643-375
"Volkman, Ebert and Fay",49349-609
Schimmel-Fritsch,55714-4545
"Mitchell, Cruickshank and Bailey",0591-3972
"Schmidt, Goldner and McClure",51672-4124
Hyatt-Watsica,46122-201
Donnelly and Sons,43269-718
Runolfsson-Stehr,0363-0099
Ebert-Parisian,50991-783
Brekke and Sons,11994-012
"Berge, Ward and Conroy",55154-1025
Gislason-Koelpin,52125-532
Schroeder and Sons,13107-021
"Rohan, Sipes and Stokes",29300-115
Nicolas-Rempel,76485-1048
Schimmel-Russel,31722-542
"Reilly, Hagenes and Hills",54868-4095
Kuhic LLC,0615-7666
Dickens LLC,37000-851
O'Kon Inc,51514-0235
"Weber, Swaniawski and Nicolas",65044-4085
Pollich Inc,37808-167
Greenfelder LLC,37000-112
Wolff-Batz,63323-970
"Kertzmann, Robel and Weissnat",17856-0775
"Kuvalis, Weber and Quitzon",61924-208
Gutkowski-Littel,0115-4411
Hessel-Wisoky,11994-001
Witting LLC,65862-313
Bergnaum-Hegmann,58291-0001
Rowe-Kassulke,55289-098
"Erdman, Goodwin and McGlynn",60781-1002
Cruickshank-Lubowitz,33261-870
"Schmidt, Boehm and Schamberger",49348-266
Nader Inc,65121-001
"Zboncak, Cassin and Fadel",58118-1342
Breitenberg Inc,63824-761
Senger-Franecki,67938-2002
Hamill-Will,60505-1321
"Little, Rempel and Bruen",63629-2952
Lindgren LLC,55154-5599
"Collier, Powlowski and Toy",75870-002
Wyman Inc,0456-2005
Deckow Group,52125-521
Russel-Emard,68647-112
Rath-Batz,43269-748
Hermiston LLC,98132-903
"Moore, Abernathy and Beatty",55111-688
"Dibbert, Bergnaum and Wunsch",10056-329
Prosacco-Bayer,61727-302
Lemke Inc,52686-298
Kilback-Bode,41250-140
"Harber, Ortiz and Balistreri",0406-8886
"Kessler, Thiel and McClure",52685-385
Kunde and Sons,59390-205
Runolfsson LLC,55154-1491
Padberg and Sons,59762-5033
"Harvey, Hermann and Pfeffer",63354-292
Schinner and Sons,52125-254
"Aufderhar, Swift and O'Connell",0615-5575
Ullrich-Kunze,36987-3318
"Casper, Leannon and Stanton",65954-504
Wiza Group,36987-1216
Jacobi LLC,16590-135
Rutherford-Stark,30142-002
Sporer and Sons,68428-090
"Bartoletti, Koepp and Breitenberg",68084-458
"Kozey, Kautzer and Jacobs",51143-641
"Romaguera, Stehr and Stroman",64893-001
Lindgren Inc,49349-484
Lowe-Schmitt,16590-765
Sawayn-Greenholt,54575-130
"Lubowitz, Hoppe and Corwin",49035-018
"Williamson, Dooley and Parker",0591-2222
Strosin LLC,47682-103
Cole-Glover,21695-039
Kub Inc,50563-127
"Tillman, Purdy and Legros",0078-0408
Bayer Inc,57520-0175
Dicki Group,49614-191
"Aufderhar, Mraz and Barrows",0031-8712
Nienow-Hintz,68180-281
"Runte, Vandervort and Bernhard",41163-526
Gusikowski-Jacobs,54868-4857
Kessler-Quigley,37205-361
Bechtelar and Sons,51079-950
"Olson, Stark and Rogahn",36800-419
"Wilderman, Lang and Paucek",37808-946
Daniel-Bailey,0944-3047
Runolfsdottir-Cartwright,59762-2310
Ruecker-Raynor,55154-8255
Spinka-Osinski,59779-372
"Kovacek, Bartoletti and Heller",55315-103
Dibbert Group,68169-0022
"Marvin, Runolfsdottir and Heaney",36987-1724
Swaniawski-Terry,68654-773
"Reichert, Wisoky and Mueller",52125-490
Weimann-Bins,0615-7571
Wisozk-Schoen,0363-0734
"Senger, Grant and Bartoletti",0113-0355
"Orn, Lueilwitz and Stracke",54879-001
"Upton, Funk and Mertz",0603-2128
"Ondricka, Raynor and Ratke",49349-848
Dare LLC,49349-860
Blick-Kassulke,54532-0014
Gibson-Adams,42291-170
Abbott-Monahan,37000-691
"Reynolds, Toy and Predovic",55319-454
Bayer Group,54868-6248
Kertzmann-Boehm,60846-805
Hayes Inc,0268-1203
Murphy and Sons,68180-267
Langworth-Wintheiser,39328-106
Swift and Sons,65044-9993
Block-Deckow,0093-5420
Jakubowski-Dach,42002-423
Rau-Casper,41250-911
Murphy-Jenkins,54569-0384
Hudson and Sons,41616-931
Botsford LLC,0268-1453
O'Hara-Bergstrom,14209-855
Grimes LLC,52125-158
Frami-Paucek,0299-5950
"Kautzer, Kris and Lueilwitz",63868-099
"Kuhn, Hoeger and Rippin",68047-252
Rippin Inc,68462-222
Kutch LLC,37808-689
Ward-Auer,63868-788
Stroman-Murphy,64376-131
Rolfson-Zemlak,59730-6502
"Gorczany, Waelchi and Dach",55315-557
"Morar, Haley and Crist",37808-977
Schuster-Breitenberg,50436-3953
"Langworth, Fritsch and Kub",49349-445
Macejkovic-Corwin,0268-1372
Bergnaum Group,68788-9196
Parisian Inc,10812-954
"Bergstrom, Walter and Weber",43948-3002
Blanda and Sons,52125-628
"DuBuque, Senger and Mann",54868-5757
Trantow Group,51138-047
Champlin and Sons,55289-103
Kirlin-Olson,55316-215
Stroman-Feil,36987-2416
Roob Inc,52183-249
Zieme Inc,21695-491
Sporer-Jacobson,37000-332
Dickinson and Sons,61442-112
Thompson-Mraz,41520-442
Walsh Inc,64193-424
Barton and Sons,53808-0919
McGlynn LLC,57520-0371
Hauck-Pouros,49349-000
"Thompson, Green and Ortiz",17478-064
Robel-Graham,51668-406
West-Leffler,11673-248
"Runolfsson, Effertz and Dickens",67046-530
"Corwin, Kuhn and Wolf",68645-300
"Koss, Botsford and Kerluke",55714-4584
Kiehn-Bartell,67938-0936
Huel-Hintz,68462-244
"O'Reilly, Wintheiser and Mohr",17478-030
Von LLC,36987-2185
"Buckridge, Ondricka and Bruen",53808-0278
Bogan-Daugherty,66184-437
"Yundt, Hoppe and Lind",66213-200
Hoppe-Kozey,67457-474
Stehr-Hackett,50436-3138
Deckow and Sons,0268-1038
"Green, Brekke and Conn",68745-2003
Wiegand and Sons,51785-445
Little-Sporer,68788-9917
Brown Group,60512-6037
"Connelly, Reilly and Heaney",0409-8004
Braun Inc,20890-0020
Roberts-Jakubowski,64942-1302
"Bruen, Schmitt and Veum",51009-198
Greenfelder-Bayer,0378-3015
Pacocha-Satterfield,58232-0026
Lind-Monahan,64536-1268
"Ledner, Monahan and Zboncak",53675-140
O'Kon-Ritchie,36987-2092
O'Conner Inc,41595-7005
Rippin Group,30142-155
Kuphal Inc,54868-5022
"Haley, Roberts and Gleason",53208-430
Runolfsdottir-Skiles,31722-739
Mohr and Sons,49304-0013
"Gusikowski, Gutkowski and Swift",68647-201
Kohler LLC,51367-008
Douglas Inc,24488-011
"Connelly, Sporer and Huels",0378-8630
"Bahringer, Wuckert and Steuber",68016-254
"Grady, Wiegand and Gusikowski",64117-212
Beier-Robel,54897-507
Ziemann-Flatley,0781-2076
Lang-Cummings,49035-515
Harris LLC,53645-1120
West Inc,58160-820
"Klein, Zemlak and Swaniawski",45945-157
Reinger Group,0536-3113
Prohaska and Sons,0069-2587
"Hudson, Boehm and Morar",59779-007
Koelpin Inc,49349-493
"Tromp, Ondricka and Purdy",60429-524
Boyle and Sons,50554-002
Oberbrunner-Runolfsdottir,47335-923
Von-Streich,46017-021
Koepp LLC,68151-1418
"Brekke, Wilderman and Hyatt",11822-2943
Brown and Sons,60913-010
Von-Adams,30142-932
Kautzer-Christiansen,35356-263
"Larson, Auer and Gleichner",0069-0174
"Blick, Koelpin and Bogisich",0093-4359
Kirlin Group,33261-918
"Hauck, Feil and Aufderhar",44567-712
Welch LLC,52959-897
Johnson-Okuneva,66365-001
"Bosco, Mayer and O'Reilly",44924-102
Crist and Sons,35356-767
Hirthe-Auer,37205-708
Funk-Gottlieb,52533-080
Jenkins and Sons,0517-0373
Hickle-Gerlach,0363-0798
"Wisoky, Murray and Carter",65044-0777
Huels-Ankunding,36987-2854
Halvorson and Sons,57520-0028
"Luettgen, Rippin and Kuphal",55714-2297
Swift Group,76138-107
Feil-Koss,36987-2253
Kunze LLC,43269-787
"Marvin, Hammes and Padberg",55154-5475
Von Group,55312-926
Waters and Sons,68400-701
Hodkiewicz-Shanahan,36987-2614
Kshlerin-Wilderman,68151-1521
Gottlieb-Kuhlman,0228-3155
Oberbrunner-Stehr,63629-3774
Roob Group,53808-0880
Pagac-DuBuque,0615-3541
Green and Sons,64205-740
"Bernier, Conroy and Rempel",68047-051
Turcotte and Sons,68968-6650
Fisher LLC,67692-072
"Barrows, Mueller and Corkery",52257-1205
"Anderson, Murazik and Roberts",59663-100
Shanahan-Daniel,64980-104
Leffler-Lind,0832-0301
Murazik and Sons,67777-228
Luettgen LLC,36987-2237
Hagenes Group,51079-524
"Block, Yundt and Botsford",0517-1130
Effertz-Koelpin,24623-001
Haag Inc,57520-0203
Yost-Pfeffer,55289-117
Orn Group,49349-927
Frami Inc,68026-543
Feest Inc,51079-584
Bednar and Sons,55910-224
O'Kon-Brown,58118-0314
"Morar, Dach and Gutmann",49288-0478
"Wiegand, Klein and Tremblay",60505-0748
Zemlak-Harber,10096-0306
Grady Group,65044-5048
"Keebler, Goyette and Johns",24236-006
O'Connell-Grant,57337-034
"Mayer, Toy and Hilll",42507-959
Wunsch-Marvin,50563-168
"Pollich, Gleason and Conroy",68428-157
Russel-Bergstrom,53808-0892
"Osinski, Thompson and Greenfelder",0378-4885
Wunsch and Sons,36800-922
Schuster Group,67046-431
Blick-Cole,55111-395
Wisozk-Cummings,65162-416
"Hauck, Crist and Crooks",0536-1019
"Funk, White and Yost",51655-624
Roob-Marks,64942-1163
Hammes Group,36987-2360
Hegmann-Labadie,43857-0022
"Lemke, Greenholt and Roberts",66761-341
"Lynch, Larkin and Carter",76439-329
Rowe Group,12634-518
Cartwright-Lueilwitz,43742-0178
Kshlerin Group,49288-0691
"Medhurst, Dickens and Marquardt",52759-922
Kreiger Inc,55301-559
"Lowe, Ullrich and Jacobs",43742-0511
Bayer-Gleason,54868-3952
Cruickshank Group,0173-0562
Schroeder and Sons,10812-537
Champlin and Sons,55154-6151
"Schultz, Frami and Schiller",51386-711
Stokes-Lemke,10812-819
Marvin LLC,63629-1533
Friesen-Buckridge,41163-660
"Abernathy, Heidenreich and Jast",59676-570
"Schimmel, Windler and Adams",63629-1376
Roberts-DuBuque,0067-4850
Lakin-Rath,0268-6125
Gleason-Crist,65601-170
Glover Inc,68016-201
Rutherford-Corkery,67046-211
"Kub, Schultz and Lind",48951-7048
Jakubowski Inc,64922-233
Hammes and Sons,58118-2212
Simonis Inc,50436-4628
Frami-Cronin,0603-4992
Stokes-Heathcote,59050-254
Blick LLC,55312-017
Reinger-Wisoky,35356-580
Sipes-Legros,13668-113
Ziemann LLC,46122-108
Lindgren Group,36987-1917
Treutel Group,63824-456
Carter LLC,37808-468
Becker-Blanda,43353-863
Wunsch Group,55312-612
Kilback-Koch,0187-0140
Wyman Group,43553-4134
"Price, Cartwright and Schoen",49643-012
"Dibbert, Romaguera and Mills",52584-016
Emmerich-Rolfson,66220-287
Towne-Gleason,0019-1332
Frami-Feeney,0145-2371
Parker-Prohaska,36987-2610
"Wehner, Kub and Daniel",0406-9908
"Mayer, Ritchie and Witting",68645-473
"Nikolaus, Veum and Bruen",11822-0308
Moen-Bartoletti,0093-8035
Schmidt-Schultz,0093-5455
Hintz-Lueilwitz,47993-200
Halvorson Inc,60429-023
"Wunsch, Ernser and Greenholt",54868-4532
Schmidt Inc,68016-278
Corwin LLC,68151-2894
Franecki-Bernier,0703-2201
"McClure, Rau and Marks",49348-062
Doyle-Braun,13630-0018
Mante Group,0179-8707
Howe Inc,61442-222
Swaniawski LLC,76058-107
Rau-Mayert,54473-210
O'Hara Group,48951-4038
Boyer-Huel,65862-013
Cronin Inc,56131-759
Mraz-Schmitt,50742-207
Watsica-Runte,51079-122
Marks-Lubowitz,49288-0736
Lynch-Huels,62802-035
Nienow Group,52584-465
"Roob, Russel and Sanford",57520-0503
Eichmann-Watsica,24236-754
"Schuster, Spencer and Ebert",52125-957
Corkery Group,63029-612
"Kuhn, Balistreri and Kuphal",51801-006
"Murazik, Effertz and Powlowski",55316-922
"Cartwright, Pfeffer and Brekke",36987-1964
Kihn-Rippin,43353-786
Daniel LLC,36987-1625
Lesch-Eichmann,55648-557
Gleason-Abernathy,65841-618
"Durgan, Kohler and Greenholt",11410-411
"Nitzsche, Greenfelder and Abshire",63433-803
Ratke Group,65044-1406
"Runte, Armstrong and Fadel",50544-004
"Bayer, Kuvalis and Runte",64679-434
"Runolfsdottir, Barrows and Gutmann",62716-665
"Jacobson, Buckridge and Mante",64809-104
Stiedemann-Harris,50436-3913
Dietrich-Adams,50563-180
Rodriguez LLC,64117-545
Thiel Inc,21695-213
Nitzsche Inc,61919-001
Stoltenberg Group,36987-2985
Wintheiser Inc,37000-185
"Weber, Harber and Schaefer",42333-100
"Cassin, Kuhlman and Huel",13811-642
Effertz Inc,55316-306
Ward-Skiles,0904-1103
Moore-Witting,68462-114
"Bechtelar, Greenfelder and Gutkowski",0113-0517
"Veum, Frami and Lehner",64117-718
Grady-Purdy,59779-980
Hodkiewicz-Schulist,41250-962
O'Conner LLC,54868-5909
Bergnaum-Weimann,54473-206
Lindgren and Sons,42361-036
Ebert Group,60505-3665
Reynolds-Lesch,0472-0404
Lehner Group,49999-318
"Denesik, Hansen and Hayes",54473-166
Jenkins LLC,52959-757
"Harber, Towne and Little",52125-742
"Jacobs, Stiedemann and Towne",0186-4010
"Murphy, Stehr and Leannon",60760-914
Gibson LLC,0168-0382
Grady-Larkin,51367-002
"Welch, VonRueden and Weissnat",0206-8861
Koss and Sons,0172-7310
"McCullough, Grimes and Mertz",62559-280
Cruickshank-Greenfelder,0093-5150
Sanford and Sons,49738-203
"Rath, Zulauf and Beahan",12546-314
Corkery Inc,49349-040
Kozey-Bashirian,63941-102
"Ward, Aufderhar and Torp",76214-026
"Baumbach, Paucek and Rogahn",43419-511
"Okuneva, Wolf and Paucek",68275-320
"Morar, Swaniawski and Rohan",0904-6100
Gutkowski Inc,36987-3318
Dach-Lockman,67751-085
D'Amore LLC,27437-201
Donnelly-Ullrich,0143-1171
"Schmitt, Rempel and Sanford",68788-5665
"Simonis, Bechtelar and Terry",0132-0079
"Schiller, Pacocha and West",66715-9752
"Hirthe, Kihn and Satterfield",68472-057
"Beatty, Johnston and Casper",30142-939
"O'Kon, Hilll and Stracke",64616-046
Wolff Inc,59779-502
Fahey Inc,0168-0270
"Wolff, Streich and Murazik",33992-1131
Schinner LLC,22912-001
McClure-Runte,21695-589
Kozey-Quigley,36987-3078
"Rolfson, Cartwright and Kessler",0703-0110
Gibson and Sons,54569-2502
Rowe-Rowe,76461-500
"Deckow, Turcotte and Emmerich",40057-1000
"Veum, Gottlieb and Steuber",49035-069
"Stark, Senger and Roob",53808-0104
Blick Inc,43742-0402
"Halvorson, Romaguera and Klocko",68703-040
Beatty Group,68196-294
Adams LLC,50536-192
"Boehm, Jakubowski and Predovic",62839-1101
"Quigley, Willms and Rosenbaum",55910-447
Shields-Considine,43742-0096
Cummerata Group,53808-0997
Kunde-Hills,0904-5053
Tremblay-Sipes,53208-500
Hilpert-Turcotte,36987-2849
Reynolds Inc,50436-0201
"Herzog, Yost and Jenkins",52125-701
Hammes-Carter,64942-1246
"Metz, Beer and Eichmann",62670-4818
"Pollich, Kemmer and Howell",64616-056
Stoltenberg Inc,68084-632
Leffler-Green,49349-795
Crist-Reichel,49288-0582
Lueilwitz-Donnelly,57691-161
"Schamberger, Leuschke and Schneider",65300-123
"Feil, Rohan and Goyette",24385-362
McClure-Lesch,0409-2687
Moore-Ebert,52584-136
Lebsack-MacGyver,50268-531
Schneider Inc,52124-0116
White-Fadel,68788-1738
Nolan Group,51514-0321
Lakin-Nitzsche,65044-4824
Willms-Schaden,63629-5131
Kautzer Group,68647-205
"Walter, Stark and Konopelski",11704-620
"Hayes, Lubowitz and Becker",69152-0024
Pfeffer Inc,42627-256
Ziemann-Luettgen,36987-3049
"Conroy, Reichert and Hand",30142-176
Monahan-Gutmann,0093-7383
Bailey-McCullough,65162-554
Fahey-Satterfield,63824-203
Durgan-Koepp,24385-155
Rodriguez Inc,52695-001
"Ernser, Kohler and Hessel",62802-106
"Fritsch, Mosciski and Stoltenberg",15127-898
"Tremblay, Wehner and Heidenreich",60760-371
Little Inc,59779-426
Mayer-Monahan,10096-0289
Kertzmann and Sons,55714-2291
D'Amore-Hodkiewicz,0268-0269
Heidenreich LLC,24478-205
"Graham, Prohaska and Stamm",41163-417
Crist-West,35000-858
Zboncak-Harris,55154-3526
Jenkins-Berge,69031-003
"Botsford, Satterfield and Fadel",13533-635
Dare and Sons,36987-1175
Okuneva-Homenick,58503-015
Maggio Group,49349-847
O'Connell LLC,57520-1047
"Wilderman, Osinski and Cummings",55154-5352
Hauck-Kulas,52915-120
Daugherty-Borer,53942-503
"Zulauf, Emard and Kilback",36987-1253
O'Keefe Inc,37000-857
Wiegand-Hegmann,64525-5382
Mante Inc,52685-434
Littel-Abshire,15821-101
Dicki-Price,55714-2365
Kassulke-Cremin,59915-4001
"Larkin, Nicolas and Bernhard",0054-8174
Bradtke LLC,68084-536
"Krajcik, DuBuque and Schamberger",58118-0190
"Will, Trantow and Williamson",57520-0216
Oberbrunner-Stoltenberg,51991-795
Stehr and Sons,0169-1833
Hoeger-Quitzon,24090-722
Oberbrunner-Dickinson,37000-242
Breitenberg-Tremblay,48951-7015
Sawayn-Lakin,54868-5987
Schinner LLC,36800-357
Bashirian and Sons,54157-102
Spinka-McKenzie,54738-951
Heaney Inc,10819-3890
Waters Inc,33261-437
Klein-Christiansen,58668-6150
Homenick Inc,55465-002
Haley and Sons,13537-419
"Mayert, Nader and Pouros",49781-079
Little-Hamill,36987-2112
Orn-Lebsack,0173-0847
"Hauck, Feeney and Corwin",21695-700
Runolfsson and Sons,50268-564
Fay LLC,53077-9001
"Keeling, Fahey and Shanahan",0179-1957
"Barton, Macejkovic and Von",36987-3185
Olson and Sons,53808-0358
Hansen-Cremin,0615-4593
Bogisich Inc,48951-2057
"Lynch, Maggio and Reichert",51285-040
Monahan-Gorczany,0069-0204
Braun-Runte,13630-0014
Herzog Group,42291-711
"Schmidt, Schoen and Dickinson",16714-341
Jenkins Group,0093-0819
Powlowski-Leuschke,59898-740
"Herzog, Kilback and Quigley",49288-0621
Mohr-Stiedemann,63187-019
Christiansen-Kshlerin,55319-248
"Schmitt, Brekke and Bahringer",0378-0551
"Shields, Walsh and Little",54868-2399
"Rice, Gerlach and Jaskolski",59762-5029
Rohan-Lang,63629-1706
Walker LLC,68084-371
Bartoletti Group,49288-0478
"Hyatt, Swaniawski and Beier",28109-020
Nikolaus Inc,52304-712
Padberg Group,43068-106
"Beatty, Cummerata and Schaden",0268-1142
Wuckert and Sons,24909-117
Batz-Hettinger,53145-304
"Crona, Swaniawski and Koelpin",24385-352
Hermann LLC,68462-334
Goyette-O'Keefe,68258-3013
Powlowski-Waters,59899-002
"Kunze, Johnston and Goyette",58311-2222
Ebert-MacGyver,24658-163
Von-Kutch,66129-116
O'Hara and Sons,65044-1215
Rolfson-Zulauf,49035-248
"Steuber, Murazik and Tillman",76214-020
Wuckert Inc,21695-530
"Prosacco, Collins and Lowe",59779-899
Weissnat-Hegmann,66116-329
Gutmann-O'Kon,42254-036
Gerhold LLC,63941-670
Johnston Group,54868-5200
"Fritsch, Metz and Toy",48433-301
Douglas and Sons,63187-089
Fadel-Romaguera,54569-0336
Weimann-Schmidt,55154-8279
"Haag, Hammes and Hartmann",17630-2009
Walker Inc,58394-002
"Veum, Moore and Dooley",61112-001
"Price, Weimann and Simonis",16903-168
Berge LLC,68276-006
Shanahan-Weber,43353-733
Cole-Friesen,50436-3779
Jast-Ledner,0924-1006
"Steuber, Wyman and Schaden",0168-0040
"Ruecker, Kreiger and O'Reilly",55154-4230
Kohler-Kuphal,63459-516
"Swift, Sauer and Stokes",0264-7750
Aufderhar-Schiller,48951-5019
Sauer LLC,53807-408
Kilback-Runolfsson,58414-3506
Weissnat Group,43353-494
Kiehn-Koepp,65028-002
Bednar-Gaylord,0781-5224
Kiehn LLC,64117-166
Macejkovic Inc,60429-343
"Brakus, Quigley and Mills",36987-1574
"McKenzie, Hudson and McKenzie",37000-831
"Bruen, Lockman and Schuppe",98132-303
"Farrell, VonRueden and Kuhic",55910-247
Steuber Group,57702-466
Spencer-Gerlach,62670-4409
Conn-Cormier,63629-3982
Hammes and Sons,61314-126
Harvey Inc,11673-799
"Corwin, Weissnat and Witting",60512-8029
"Lueilwitz, Lakin and West",0121-0675
"McDermott, Hartmann and Dibbert",52533-026
Nikolaus-Homenick,49643-350
Kreiger LLC,59762-6692
Jones Inc,42248-123
Mertz-Dare,64578-0059
"Ryan, Corwin and Simonis",0316-7401
Nader-Carroll,64117-227
"Balistreri, Hackett and Pagac",62584-994
Mante LLC,41520-214
Hauck Group,62007-001
Barton-Larkin,36987-1477
Reinger and Sons,60840-0300
Luettgen-Kautzer,53150-386
Homenick Group,0264-7805
"Hermiston, O'Kon and Bashirian",57955-0020
Strosin Inc,43857-0198
Crooks and Sons,70253-235
"Hodkiewicz, Lowe and Hills",49349-371
Langosh-Gleichner,54868-5767
Turcotte-Feil,49999-839
Flatley-Grimes,60429-019
"Stamm, Altenwerth and Quitzon",21695-243
Zemlak-Brakus,37205-613
Bernhard-Grimes,0781-2067
Crist LLC,41167-0956
"Kutch, Reilly and Herman",12634-552
Mayert-Jerde,43547-264
"Cormier, Mills and McKenzie",55111-292
Stark-Rolfson,52544-695
Stanton-Robel,51079-209
"Maggio, Cummings and Crist",48951-3154
Schimmel Inc,29500-2113
"Bechtelar, Wilkinson and Schiller",0555-0095
Thiel Inc,59667-0054
"Cole, Moore and Marvin",55154-6526
"Homenick, Morissette and Streich",53645-1270
Raynor LLC,43857-0273
Mante-Schaden,0406-9212
"Ankunding, Hoeger and Marquardt",0363-0081
Bayer-Wyman,61657-0969
"Hoppe, Langosh and Bartoletti",0363-0657
"Gutmann, Stanton and Baumbach",0009-1111
Koepp-Weber,58118-2530
Johnston-Becker,68382-701
"Crooks, Ankunding and Bartell",63629-4390
Hudson-Langosh,76420-720
"Rowe, Bergnaum and Wuckert",68084-340
"Kertzmann, Ratke and Mraz",55154-0368
Nienow LLC,13734-016
Gulgowski and Sons,10812-532
Daniel-Parisian,17575-190
"Hintz, Kirlin and Brakus",42291-239
"Mertz, Crist and Daugherty",30056-007
"Reichel, Brakus and Lang",36987-2397
"Wolf, Hammes and Simonis",65044-1169
Ullrich-Rodriguez,55154-2096
Dickens and Sons,52544-630
Jerde-Medhurst,34666-161
Lebsack and Sons,24236-448
Jerde-Buckridge,55648-784
Bailey-Feeney,41520-359
Lueilwitz LLC,64980-163
"Hane, Gusikowski and Erdman",63187-144
"Torp, Paucek and Kreiger",0469-8234
Stark-Brown,55111-170
"Homenick, Prosacco and Cassin",54868-5197
Denesik LLC,62802-212
"VonRueden, Crooks and O'Hara",63187-095
Bergnaum-Will,65841-761
"Davis, Dicki and Schowalter",48951-1019
Funk-Mraz,54868-4562
Cole Inc,49643-366
Dooley Group,0703-4412
Frami-Jast,43269-849
"Kassulke, Anderson and Hilll",68084-790
"Kris, Dickinson and Kemmer",49349-844
Terry Group,49288-0875
McClure Group,55289-822
Mann-Hermiston,0615-4507
Veum LLC,98132-151
Runolfsdottir-Cremin,16729-213
Zulauf LLC,61995-2387
Schiller-Ziemann,63629-3152
McGlynn and Sons,57955-0758
Moore LLC,49738-279
Sanford Inc,0703-4685
Connelly LLC,65785-166
Bernhard-Gutmann,55154-7470
Crist LLC,21695-544
Wiegand-Bogan,61957-0202
Goyette-Fritsch,41250-033
"Kulas, Lesch and Turcotte",49349-891
"Feest, Steuber and Murphy",0487-9904
"Nikolaus, Stanton and Bergnaum",41163-480
"Mueller, Hartmann and Wisozk",43269-787
Anderson-Schmidt,63323-127
"Ratke, Gerlach and Herzog",65517-0012
Schroeder-Homenick,0378-0141
"Fay, Howell and Huel",43742-0134
"Lakin, Pagac and Dibbert",48951-1173
Wehner LLC,49349-233
McClure-Durgan,25021-777
"Schaefer, O'Reilly and Jacobi",61727-334
Lesch LLC,51143-966
Prosacco LLC,55154-2851
Zulauf-Leannon,0179-8016
Lakin Inc,53675-152
Windler-Bernier,68400-354
Grant-Stamm,55714-4506
Bogisich-Keebler,55700-013
Bahringer-Green,13734-134
"Cole, Keeling and Weissnat",54569-5224
"Reynolds, Brown and Berge",65862-667
"Flatley, Brakus and Veum",51079-286
Herman LLC,65517-0015
Goldner and Sons,49288-0462
"Parker, Stanton and Gleichner",63936-8508
"Hilll, Wiegand and Fisher",52125-539
Ernser-Beier,0268-1531
Bechtelar-Walter,0078-0337
"Kerluke, Mraz and Bernhard",0363-4193
Weimann-Quitzon,50436-4605
Schaden Inc,42291-238
Steuber LLC,50254-773
Kohler-Baumbach,52642-002
"Jakubowski, Kunde and Borer",10893-465
Stroman-Kilback,0135-0118
Oberbrunner-Jenkins,35356-252
Kemmer Inc,21130-340
Balistreri-Haley,68382-070
"Larkin, Herman and Sanford",53217-014
Gorczany LLC,52125-430
Lesch and Sons,60793-700
Runolfsdottir-Ernser,68788-9703
